<core:FragmentDefinition
	xmlns="sap.m"
	xmlns:l="sap.ui.layout"
	xmlns:f="sap.ui.layout.form"
	xmlns:core="sap.ui.core">
	<VBox class="sapUiSmallMargin">
		<f:Form id="FormChange480_12120"
			editable="true">
			<f:title>
				<core:Title text="Basic" />
			</f:title>
			<f:layout>
				<f:ResponsiveGridLayout
					labelSpanXL="4"
					labelSpanL="4"
					labelSpanM="12"
					labelSpanS="12"
					adjustLabelSpan="false"
					emptySpanXL="0"
					emptySpanL="0"
					emptySpanM="0"
					emptySpanS="0"
					columnsXL="2"
					columnsL="2"
					columnsM="1"
					singleContainerFullSize="false" />
			</f:layout>
			<f:formContainers>
				<f:FormContainer title="Office">
					<f:formElements>
						<f:FormElement label="ROLE">
							<f:fields>
								<Input value="{local>/BussinessPartnerSet/BP_ROLE}" id="role"/>
							</f:fields>
						</f:FormElement>
						<f:FormElement label="Name">
							<f:fields>
								<Input value="{local>/BussinessPartnerSet/FIRST_NAME}" placeholder="First Name" />
								<Input value="{local>/BussinessPartnerSet/MIDDLE_NAME}" placeholder="Middle Name" />
								<Input value="{local>/BussinessPartnerSet/LAST_NAME}" placeholder="Last Name">
									<layoutData>
										<l:GridData span="XL2 L2 M2 S4" />
									</layoutData>
								</Input>
							</f:fields>
						</f:FormElement>
						<f:FormElement label="Sex">
							<f:fields>
								<Input value="{local>/BussinessPartnerSet/SEX}" />
							</f:fields>
						</f:FormElement>
						<f:FormElement label="Language">
							<f:fields>
								<Input value="{local>/BussinessPartnerSet/LANGUAGE}" />
							</f:fields>
						</f:FormElement>
					</f:formElements>
				</f:FormContainer>
				<f:FormContainer title="Address">
					<f:formElements>
						<f:FormElement label="Country">
							<f:fields>
								<Input value="{local>/BussinessPartnerSet/COUNTRY}" />
							</f:fields>
						</f:FormElement>
						<f:FormElement label="City">
							<f:fields>
								<Input value="{local>/BussinessPartnerSet/CITY}" />
							</f:fields>
						</f:FormElement>
						<f:FormElement label="Postal Code">
							<f:fields>
								<Input value="{local>/BussinessPartnerSet/POSTAL_CODE}" />
							</f:fields>
						</f:FormElement>
						<f:FormElement label="Building">
							<f:fields>
								<Input value="{local>/BussinessPartnerSet/BUILDING}" />
							</f:fields>
						</f:FormElement>
					</f:formElements>
				</f:FormContainer>
			</f:formContainers>
		</f:Form>
		<f:Form id="FormChange480_12120-2"
			editable="true">
			<f:title>
				<core:Title text="More" />
			</f:title>
			<f:layout>
				<f:ResponsiveGridLayout
					labelSpanXL="4"
					labelSpanL="4"
					labelSpanM="12"
					labelSpanS="12"
					adjustLabelSpan="false"
					emptySpanXL="0"
					emptySpanL="0"
					emptySpanM="0"
					emptySpanS="0"
					columnsXL="2"
					columnsL="2"
					columnsM="1"
					singleContainerFullSize="false" />
			</f:layout>
			<f:formContainers>
				<f:FormContainer title="Contact data">
					<f:formElements>
						<f:FormElement label="Email">
							<f:fields>
								<Input value="{local>/BussinessPartnerSet/EMAIL_ADDRESS}" />
							</f:fields>
						</f:FormElement>
						<f:FormElement label="Tel.">
							<f:fields>
								<Input value="{local>/BussinessPartnerSet/PHONE_NUMBER}" />
							</f:fields>
						</f:FormElement>
						<f:FormElement label="FAX">
							<f:fields>
								<Input value="{local>/BussinessPartnerSet/FAX_NUMBER}" />
							</f:fields>
						</f:FormElement>
					</f:formElements>
				</f:FormContainer>
			</f:formContainers>
		</f:Form>
	</VBox>
</core:FragmentDefinition>