{
 "bpHeader":   [
{"BP_ID":293470543,"BP_ROLE":"01","EMAIL_ADDRESS":"cwardel0@indiegogo.com","PHONE_NUMBER":"654-555-1135","FAX_NUMBER":"405-714-2172","WEB_ADDRESS":"http://google.pl/nam.jsp?mauris=congue&lacinia=etiam&sapien=justo&quis=etiam&libero=pretium&nullam=iaculis&sit=justo&amet=in&turpis=hac&elementum=habitasse&ligula=platea&vehicula=dictumst&consequat=etiam&morbi=faucibus&a=cursus&ipsum=urna&integer=ut&a=tellus&nibh=nulla&in=ut&quis=erat&justo=id&maecenas=mauris&rhoncus=vulputate&aliquam=elementum&lacus=nullam&morbi=varius&quis=nulla&tortor=facilisi&id=cras&nulla=non&ultrices=velit&aliquet=nec&maecenas=nisi&leo=vulputate&odio=nonummy&condimentum=maecenas&id=tincidunt&luctus=lacus&nec=at&molestie=velit&sed=vivamus&justo=vel&pellentesque=nulla&viverra=eget&pede=eros&ac=elementum&diam=pellentesque&cras=quisque&pellentesque=porta&volutpat=volutpat&dui=erat&maecenas=quisque&tristique=erat&est=eros&et=viverra&tempus=eget&semper=congue&est=eget&quam=semper&pharetra=rutrum&magna=nulla&ac=nunc&consequat=purus","COMPANY_NAME":"Dabjam","LEGAL_FORM":"SE","CURRENCY_CODE":"LKR","CITY":"Hendala","POSTAL_CODE":"11830","STREET":"2 Graedel Court","BUILDING":"49663","COUNTRY":"Sri Lanka","ADDRESS_TYPE":"02","ADDRESS_VAL_START_DATE":"error: invalid date \"2000-01-01T00:00:00Z\"","ADDRESS_VAL_END_DATE":"error: invalid date \"2000-01-01T00:00:00Z\"","CREATED_BY":439811013,"CREATED_AT":"error: invalid date \"2000-01-01T00:00:00Z\"","CHANGED_BY":429659031,"CHANGED_AT":"error: invalid date \"2000-01-01T00:00:00Z\""},
{"BP_ID":622623487,"BP_ROLE":"01","EMAIL_ADDRESS":"dramsdell1@github.com","PHONE_NUMBER":"480-661-5908","FAX_NUMBER":"536-563-8348","WEB_ADDRESS":"https://imdb.com/augue/vestibulum/ante/ipsum/primis/in/faucibus.js?nisl=vel&venenatis=sem&lacinia=sed&aenean=sagittis&sit=nam&amet=congue&justo=risus&morbi=semper&ut=porta&odio=volutpat&cras=quam&mi=pede&pede=lobortis&malesuada=ligula&in=sit&imperdiet=amet","COMPANY_NAME":"Kwideo","LEGAL_FORM":"SE","CURRENCY_CODE":"CNY","CITY":"Dahe","POSTAL_CODE":null,"STREET":"9898 Ruskin Plaza","BUILDING":"060","COUNTRY":"China","ADDRESS_TYPE":"02","ADDRESS_VAL_START_DATE":"error: invalid date \"2000-01-01T00:00:00Z\"","ADDRESS_VAL_END_DATE":"error: invalid date \"2000-01-01T00:00:00Z\"","CREATED_BY":440246546,"CREATED_AT":"error: invalid date \"2000-01-01T00:00:00Z\"","CHANGED_BY":427060225,"CHANGED_AT":"error: invalid date \"2000-01-01T00:00:00Z\""},
{"BP_ID":825842299,"BP_ROLE":"01","EMAIL_ADDRESS":"cslide2@berkeley.edu","PHONE_NUMBER":"321-583-7781","FAX_NUMBER":"680-630-2228","WEB_ADDRESS":"https://is.gd/nulla/ut/erat/id/mauris/vulputate/elementum.jsp?sed=varius&accumsan=ut&felis=blandit&ut=non&at=interdum&dolor=in&quis=ante&odio=vestibulum&consequat=ante&varius=ipsum&integer=primis&ac=in&leo=faucibus&pellentesque=orci&ultrices=luctus&mattis=et&odio=ultrices&donec=posuere&vitae=cubilia&nisi=curae&nam=duis&ultrices=faucibus&libero=accumsan&non=odio&mattis=curabitur&pulvinar=convallis&nulla=duis&pede=consequat&ullamcorper=dui&augue=nec&a=nisi&suscipit=volutpat&nulla=eleifend&elit=donec&ac=ut&nulla=dolor&sed=morbi&vel=vel&enim=lectus&sit=in&amet=quam&nunc=fringilla&viverra=rhoncus&dapibus=mauris&nulla=enim&suscipit=leo&ligula=rhoncus&in=sed&lacus=vestibulum&curabitur=sit&at=amet&ipsum=cursus","COMPANY_NAME":"Zoomzone","LEGAL_FORM":"SE","CURRENCY_CODE":"THB","CITY":"Chum Phae","POSTAL_CODE":"40130","STREET":"894 Reindahl Parkway","BUILDING":"6987","COUNTRY":"Thailand","ADDRESS_TYPE":"02","ADDRESS_VAL_START_DATE":"error: invalid date \"2000-01-01T00:00:00Z\"","ADDRESS_VAL_END_DATE":"error: invalid date \"2000-01-01T00:00:00Z\"","CREATED_BY":489627986,"CREATED_AT":"error: invalid date \"2000-01-01T00:00:00Z\"","CHANGED_BY":473232800,"CHANGED_AT":"error: invalid date \"2000-01-01T00:00:00Z\""},
{"BP_ID":777285732,"BP_ROLE":"01","EMAIL_ADDRESS":"epaxton3@stanford.edu","PHONE_NUMBER":"650-906-5516","FAX_NUMBER":"565-176-4845","WEB_ADDRESS":"https://google.pl/volutpat/quam/pede/lobortis/ligula/sit.aspx?condimentum=in&curabitur=tempor&in=turpis&libero=nec&ut=euismod&massa=scelerisque&volutpat=quam&convallis=turpis&morbi=adipiscing&odio=lorem&odio=vitae&elementum=mattis&eu=nibh&interdum=ligula&eu=nec&tincidunt=sem&in=duis&leo=aliquam&maecenas=convallis&pulvinar=nunc&lobortis=proin&est=at&phasellus=turpis&sit=a&amet=pede&erat=posuere&nulla=nonummy&tempus=integer&vivamus=non&in=velit&felis=donec&eu=diam&sapien=neque&cursus=vestibulum&vestibulum=eget&proin=vulputate&eu=ut&mi=ultrices&nulla=vel&ac=augue&enim=vestibulum&in=ante&tempor=ipsum&turpis=primis&nec=in&euismod=faucibus&scelerisque=orci&quam=luctus&turpis=et&adipiscing=ultrices&lorem=posuere&vitae=cubilia&mattis=curae&nibh=donec&ligula=pharetra&nec=magna&sem=vestibulum&duis=aliquet&aliquam=ultrices&convallis=erat&nunc=tortor&proin=sollicitudin&at=mi&turpis=sit&a=amet&pede=lobortis&posuere=sapien&nonummy=sapien&integer=non&non=mi&velit=integer&donec=ac&diam=neque&neque=duis&vestibulum=bibendum&eget=morbi&vulputate=non&ut=quam&ultrices=nec&vel=dui&augue=luctus&vestibulum=rutrum&ante=nulla&ipsum=tellus&primis=in&in=sagittis&faucibus=dui&orci=vel&luctus=nisl","COMPANY_NAME":"Kimia","LEGAL_FORM":"SE","CURRENCY_CODE":"CNY","CITY":"Dongting","POSTAL_CODE":null,"STREET":"011 Rowland Pass","BUILDING":"44350","COUNTRY":"China","ADDRESS_TYPE":"02","ADDRESS_VAL_START_DATE":"error: invalid date \"2000-01-01T00:00:00Z\"","ADDRESS_VAL_END_DATE":"error: invalid date \"2000-01-01T00:00:00Z\"","CREATED_BY":451373656,"CREATED_AT":"error: invalid date \"2000-01-01T00:00:00Z\"","CHANGED_BY":466920602,"CHANGED_AT":"error: invalid date \"2000-01-01T00:00:00Z\""},
{"BP_ID":752713141,"BP_ROLE":"01","EMAIL_ADDRESS":"dgueny4@mit.edu","PHONE_NUMBER":"158-785-7689","FAX_NUMBER":"772-471-3096","WEB_ADDRESS":"https://cornell.edu/sed.js?magnis=justo&dis=maecenas&parturient=rhoncus&montes=aliquam&nascetur=lacus&ridiculus=morbi&mus=quis&vivamus=tortor&vestibulum=id&sagittis=nulla&sapien=ultrices&cum=aliquet&sociis=maecenas&natoque=leo&penatibus=odio&et=condimentum&magnis=id&dis=luctus&parturient=nec&montes=molestie&nascetur=sed&ridiculus=justo&mus=pellentesque&etiam=viverra&vel=pede&augue=ac&vestibulum=diam&rutrum=cras&rutrum=pellentesque&neque=volutpat&aenean=dui&auctor=maecenas","COMPANY_NAME":"Flashset","LEGAL_FORM":"SE","CURRENCY_CODE":"CNY","CITY":"Baisangguan","POSTAL_CODE":null,"STREET":"04 Pond Place","BUILDING":"41926","COUNTRY":"China","ADDRESS_TYPE":"02","ADDRESS_VAL_START_DATE":"error: invalid date \"2000-01-01T00:00:00Z\"","ADDRESS_VAL_END_DATE":"error: invalid date \"2000-01-01T00:00:00Z\"","CREATED_BY":437499307,"CREATED_AT":"error: invalid date \"2000-01-01T00:00:00Z\"","CHANGED_BY":431856785,"CHANGED_AT":"error: invalid date \"2000-01-01T00:00:00Z\""},
{"BP_ID":374225406,"BP_ROLE":"01","EMAIL_ADDRESS":"agladtbach5@toplist.cz","PHONE_NUMBER":"200-768-4929","FAX_NUMBER":"647-818-9029","WEB_ADDRESS":"http://mayoclinic.com/tincidunt/ante/vel/ipsum/praesent.xml?in=turpis&blandit=a&ultrices=pede&enim=posuere&lorem=nonummy&ipsum=integer&dolor=non&sit=velit&amet=donec&consectetuer=diam&adipiscing=neque&elit=vestibulum&proin=eget&interdum=vulputate&mauris=ut&non=ultrices&ligula=vel&pellentesque=augue","COMPANY_NAME":"Realcube","LEGAL_FORM":"SE","CURRENCY_CODE":"CNY","CITY":"Dongpu","POSTAL_CODE":null,"STREET":"0 Fordem Junction","BUILDING":"2745","COUNTRY":"China","ADDRESS_TYPE":"02","ADDRESS_VAL_START_DATE":"error: invalid date \"2000-01-01T00:00:00Z\"","ADDRESS_VAL_END_DATE":"error: invalid date \"2000-01-01T00:00:00Z\"","CREATED_BY":486069502,"CREATED_AT":"error: invalid date \"2000-01-01T00:00:00Z\"","CHANGED_BY":487357912,"CHANGED_AT":"error: invalid date \"2000-01-01T00:00:00Z\""},
{"BP_ID":450220396,"BP_ROLE":"01","EMAIL_ADDRESS":"wjeppe6@trellian.com","PHONE_NUMBER":"862-346-2874","FAX_NUMBER":"143-191-3976","WEB_ADDRESS":"https://columbia.edu/semper/est/quam.jpg?ac=in&diam=sapien&cras=iaculis&pellentesque=congue&volutpat=vivamus&dui=metus&maecenas=arcu&tristique=adipiscing&est=molestie&et=hendrerit&tempus=at&semper=vulputate&est=vitae&quam=nisl&pharetra=aenean&magna=lectus&ac=pellentesque&consequat=eget&metus=nunc&sapien=donec&ut=quis&nunc=orci&vestibulum=eget&ante=orci&ipsum=vehicula&primis=condimentum&in=curabitur&faucibus=in&orci=libero&luctus=ut&et=massa&ultrices=volutpat&posuere=convallis&cubilia=morbi&curae=odio&mauris=odio&viverra=elementum&diam=eu&vitae=interdum&quam=eu&suspendisse=tincidunt&potenti=in&nullam=leo&porttitor=maecenas&lacus=pulvinar&at=lobortis&turpis=est&donec=phasellus&posuere=sit&metus=amet&vitae=erat&ipsum=nulla&aliquam=tempus&non=vivamus&mauris=in&morbi=felis&non=eu&lectus=sapien&aliquam=cursus&sit=vestibulum&amet=proin&diam=eu&in=mi&magna=nulla&bibendum=ac&imperdiet=enim&nullam=in&orci=tempor&pede=turpis&venenatis=nec&non=euismod&sodales=scelerisque&sed=quam&tincidunt=turpis&eu=adipiscing&felis=lorem&fusce=vitae&posuere=mattis&felis=nibh&sed=ligula&lacus=nec&morbi=sem&sem=duis&mauris=aliquam&laoreet=convallis&ut=nunc&rhoncus=proin","COMPANY_NAME":"Bubbletube","LEGAL_FORM":"SE","CURRENCY_CODE":"EUR","CITY":"Kouvola","POSTAL_CODE":"45201","STREET":"41590 Mandrake Point","BUILDING":"54465","COUNTRY":"Finland","ADDRESS_TYPE":"02","ADDRESS_VAL_START_DATE":"error: invalid date \"2000-01-01T00:00:00Z\"","ADDRESS_VAL_END_DATE":"error: invalid date \"2000-01-01T00:00:00Z\"","CREATED_BY":422345186,"CREATED_AT":"error: invalid date \"2000-01-01T00:00:00Z\"","CHANGED_BY":470009106,"CHANGED_AT":"error: invalid date \"2000-01-01T00:00:00Z\""},
{"BP_ID":687969748,"BP_ROLE":"01","EMAIL_ADDRESS":"cgeratt7@europa.eu","PHONE_NUMBER":"979-734-8178","FAX_NUMBER":"771-644-9743","WEB_ADDRESS":"https://washingtonpost.com/varius/integer/ac.html?diam=quisque&cras=id&pellentesque=justo&volutpat=sit&dui=amet&maecenas=sapien&tristique=dignissim&est=vestibulum&et=vestibulum&tempus=ante&semper=ipsum&est=primis&quam=in&pharetra=faucibus&magna=orci&ac=luctus&consequat=et&metus=ultrices&sapien=posuere&ut=cubilia&nunc=curae&vestibulum=nulla&ante=dapibus&ipsum=dolor&primis=vel&in=est&faucibus=donec&orci=odio&luctus=justo&et=sollicitudin&ultrices=ut&posuere=suscipit&cubilia=a&curae=feugiat&mauris=et&viverra=eros&diam=vestibulum&vitae=ac&quam=est&suspendisse=lacinia&potenti=nisi&nullam=venenatis&porttitor=tristique&lacus=fusce&at=congue&turpis=diam&donec=id&posuere=ornare&metus=imperdiet&vitae=sapien&ipsum=urna&aliquam=pretium&non=nisl&mauris=ut&morbi=volutpat&non=sapien&lectus=arcu&aliquam=sed&sit=augue&amet=aliquam&diam=erat&in=volutpat&magna=in&bibendum=congue&imperdiet=etiam&nullam=justo","COMPANY_NAME":"Yombu","LEGAL_FORM":"SE","CURRENCY_CODE":"BGN","CITY":"Pleven","POSTAL_CODE":"5885","STREET":"96670 Coolidge Court","BUILDING":"05283","COUNTRY":"Bulgaria","ADDRESS_TYPE":"02","ADDRESS_VAL_START_DATE":"error: invalid date \"2000-01-01T00:00:00Z\"","ADDRESS_VAL_END_DATE":"error: invalid date \"2000-01-01T00:00:00Z\"","CREATED_BY":469611243,"CREATED_AT":"error: invalid date \"2000-01-01T00:00:00Z\"","CHANGED_BY":420373877,"CHANGED_AT":"error: invalid date \"2000-01-01T00:00:00Z\""},
{"BP_ID":175194175,"BP_ROLE":"01","EMAIL_ADDRESS":"llaudham8@addthis.com","PHONE_NUMBER":"972-578-4738","FAX_NUMBER":"741-875-8412","WEB_ADDRESS":"http://skype.com/mi.jsp?vestibulum=nec&proin=nisi&eu=vulputate&mi=nonummy&nulla=maecenas&ac=tincidunt&enim=lacus&in=at&tempor=velit&turpis=vivamus","COMPANY_NAME":"Voonder","LEGAL_FORM":"SE","CURRENCY_CODE":"PHP","CITY":"Josefina","POSTAL_CODE":"7027","STREET":"8320 Dunning Park","BUILDING":"4569","COUNTRY":"Philippines","ADDRESS_TYPE":"02","ADDRESS_VAL_START_DATE":"error: invalid date \"2000-01-01T00:00:00Z\"","ADDRESS_VAL_END_DATE":"error: invalid date \"2000-01-01T00:00:00Z\"","CREATED_BY":449049099,"CREATED_AT":"error: invalid date \"2000-01-01T00:00:00Z\"","CHANGED_BY":495964876,"CHANGED_AT":"error: invalid date \"2000-01-01T00:00:00Z\""},
{"BP_ID":940541232,"BP_ROLE":"01","EMAIL_ADDRESS":"ngudgion9@sourceforge.net","PHONE_NUMBER":"632-692-1127","FAX_NUMBER":"395-837-3076","WEB_ADDRESS":"http://mashable.com/amet/justo.js?ut=sapien&mauris=placerat&eget=ante&massa=nulla&tempor=justo&convallis=aliquam&nulla=quis&neque=turpis&libero=eget&convallis=elit&eget=sodales&eleifend=scelerisque&luctus=mauris&ultricies=sit&eu=amet&nibh=eros&quisque=suspendisse&id=accumsan&justo=tortor&sit=quis&amet=turpis&sapien=sed&dignissim=ante&vestibulum=vivamus&vestibulum=tortor&ante=duis&ipsum=mattis&primis=egestas&in=metus&faucibus=aenean&orci=fermentum&luctus=donec&et=ut&ultrices=mauris&posuere=eget&cubilia=massa&curae=tempor&nulla=convallis&dapibus=nulla&dolor=neque&vel=libero&est=convallis&donec=eget&odio=eleifend&justo=luctus&sollicitudin=ultricies&ut=eu&suscipit=nibh&a=quisque&feugiat=id&et=justo&eros=sit&vestibulum=amet&ac=sapien&est=dignissim&lacinia=vestibulum&nisi=vestibulum&venenatis=ante&tristique=ipsum&fusce=primis&congue=in&diam=faucibus&id=orci&ornare=luctus&imperdiet=et&sapien=ultrices&urna=posuere&pretium=cubilia&nisl=curae&ut=nulla&volutpat=dapibus&sapien=dolor&arcu=vel&sed=est&augue=donec&aliquam=odio&erat=justo&volutpat=sollicitudin&in=ut&congue=suscipit&etiam=a&justo=feugiat&etiam=et&pretium=eros&iaculis=vestibulum&justo=ac","COMPANY_NAME":"Tambee","LEGAL_FORM":"SE","CURRENCY_CODE":"EUR","CITY":"Zoetermeer","POSTAL_CODE":"2720","STREET":"9 Village Alley","BUILDING":"851","COUNTRY":"Netherlands","ADDRESS_TYPE":"02","ADDRESS_VAL_START_DATE":"error: invalid date \"2000-01-01T00:00:00Z\"","ADDRESS_VAL_END_DATE":"error: invalid date \"2000-01-01T00:00:00Z\"","CREATED_BY":412119070,"CREATED_AT":"error: invalid date \"2000-01-01T00:00:00Z\"","CHANGED_BY":401188034,"CHANGED_AT":"error: invalid date \"2000-01-01T00:00:00Z\""},
{"BP_ID":850413252,"BP_ROLE":"01","EMAIL_ADDRESS":"eborkina@engadget.com","PHONE_NUMBER":"675-696-5986","FAX_NUMBER":"790-897-5701","WEB_ADDRESS":"https://nps.gov/in/eleifend/quam/a/odio/in/hac.aspx?nam=lorem&congue=integer&risus=tincidunt&semper=ante&porta=vel&volutpat=ipsum&quam=praesent&pede=blandit&lobortis=lacinia&ligula=erat&sit=vestibulum&amet=sed&eleifend=magna&pede=at&libero=nunc&quis=commodo&orci=placerat&nullam=praesent&molestie=blandit&nibh=nam&in=nulla&lectus=integer&pellentesque=pede&at=justo&nulla=lacinia&suspendisse=eget&potenti=tincidunt&cras=eget&in=tempus&purus=vel&eu=pede&magna=morbi&vulputate=porttitor&luctus=lorem&cum=id&sociis=ligula&natoque=suspendisse&penatibus=ornare&et=consequat&magnis=lectus&dis=in&parturient=est&montes=risus&nascetur=auctor&ridiculus=sed&mus=tristique&vivamus=in&vestibulum=tempus&sagittis=sit&sapien=amet&cum=sem&sociis=fusce&natoque=consequat&penatibus=nulla","COMPANY_NAME":"Yombu","LEGAL_FORM":"SE","CURRENCY_CODE":"BRL","CITY":"Lajeado","POSTAL_CODE":"77645-000","STREET":"0 Rieder Crossing","BUILDING":"032","COUNTRY":"Brazil","ADDRESS_TYPE":"02","ADDRESS_VAL_START_DATE":"error: invalid date \"2000-01-01T00:00:00Z\"","ADDRESS_VAL_END_DATE":"error: invalid date \"2000-01-01T00:00:00Z\"","CREATED_BY":403703914,"CREATED_AT":"error: invalid date \"2000-01-01T00:00:00Z\"","CHANGED_BY":444723059,"CHANGED_AT":"error: invalid date \"2000-01-01T00:00:00Z\""},
{"BP_ID":220053092,"BP_ROLE":"01","EMAIL_ADDRESS":"eedmonsonb@mysql.com","PHONE_NUMBER":"671-199-7447","FAX_NUMBER":"299-201-8972","WEB_ADDRESS":"http://patch.com/nascetur/ridiculus/mus/vivamus/vestibulum.jsp?turpis=posuere&enim=cubilia&blandit=curae&mi=nulla&in=dapibus&porttitor=dolor&pede=vel&justo=est&eu=donec&massa=odio&donec=justo&dapibus=sollicitudin&duis=ut&at=suscipit&velit=a&eu=feugiat&est=et&congue=eros&elementum=vestibulum&in=ac&hac=est&habitasse=lacinia&platea=nisi&dictumst=venenatis&morbi=tristique&vestibulum=fusce&velit=congue&id=diam&pretium=id&iaculis=ornare&diam=imperdiet&erat=sapien&fermentum=urna&justo=pretium&nec=nisl&condimentum=ut&neque=volutpat&sapien=sapien&placerat=arcu&ante=sed&nulla=augue&justo=aliquam&aliquam=erat&quis=volutpat&turpis=in&eget=congue&elit=etiam&sodales=justo&scelerisque=etiam&mauris=pretium&sit=iaculis&amet=justo&eros=in&suspendisse=hac&accumsan=habitasse&tortor=platea&quis=dictumst&turpis=etiam&sed=faucibus&ante=cursus&vivamus=urna&tortor=ut&duis=tellus&mattis=nulla&egestas=ut&metus=erat&aenean=id&fermentum=mauris&donec=vulputate&ut=elementum&mauris=nullam","COMPANY_NAME":"Voomm","LEGAL_FORM":"SE","CURRENCY_CODE":"KWD","CITY":"Kuwait City","POSTAL_CODE":null,"STREET":"6212 Comanche Hill","BUILDING":"3","COUNTRY":"Kuwait","ADDRESS_TYPE":"02","ADDRESS_VAL_START_DATE":"error: invalid date \"2000-01-01T00:00:00Z\"","ADDRESS_VAL_END_DATE":"error: invalid date \"2000-01-01T00:00:00Z\"","CREATED_BY":470410045,"CREATED_AT":"error: invalid date \"2000-01-01T00:00:00Z\"","CHANGED_BY":456039789,"CHANGED_AT":"error: invalid date \"2000-01-01T00:00:00Z\""},
{"BP_ID":444342616,"BP_ROLE":"01","EMAIL_ADDRESS":"rbohljec@seattletimes.com","PHONE_NUMBER":"269-586-5409","FAX_NUMBER":"308-335-3027","WEB_ADDRESS":"https://clickbank.net/neque/vestibulum/eget/vulputate/ut/ultrices/vel.png?fringilla=turpis&rhoncus=a&mauris=pede&enim=posuere&leo=nonummy&rhoncus=integer&sed=non&vestibulum=velit&sit=donec&amet=diam&cursus=neque&id=vestibulum&turpis=eget&integer=vulputate&aliquet=ut&massa=ultrices&id=vel&lobortis=augue&convallis=vestibulum&tortor=ante&risus=ipsum&dapibus=primis&augue=in&vel=faucibus&accumsan=orci&tellus=luctus&nisi=et&eu=ultrices&orci=posuere&mauris=cubilia&lacinia=curae&sapien=donec&quis=pharetra&libero=magna&nullam=vestibulum&sit=aliquet&amet=ultrices&turpis=erat&elementum=tortor&ligula=sollicitudin&vehicula=mi&consequat=sit&morbi=amet&a=lobortis&ipsum=sapien&integer=sapien&a=non&nibh=mi&in=integer&quis=ac&justo=neque&maecenas=duis&rhoncus=bibendum&aliquam=morbi&lacus=non&morbi=quam&quis=nec&tortor=dui&id=luctus&nulla=rutrum&ultrices=nulla&aliquet=tellus&maecenas=in&leo=sagittis&odio=dui&condimentum=vel&id=nisl&luctus=duis&nec=ac&molestie=nibh&sed=fusce&justo=lacus&pellentesque=purus&viverra=aliquet&pede=at&ac=feugiat&diam=non&cras=pretium&pellentesque=quis&volutpat=lectus&dui=suspendisse&maecenas=potenti&tristique=in&est=eleifend&et=quam&tempus=a&semper=odio&est=in&quam=hac&pharetra=habitasse&magna=platea&ac=dictumst&consequat=maecenas&metus=ut&sapien=massa","COMPANY_NAME":"Oba","LEGAL_FORM":"SE","CURRENCY_CODE":"ARS","CITY":"Florentino Ameghino","POSTAL_CODE":"9113","STREET":"435 Banding Center","BUILDING":"4212","COUNTRY":"Argentina","ADDRESS_TYPE":"02","ADDRESS_VAL_START_DATE":"error: invalid date \"2000-01-01T00:00:00Z\"","ADDRESS_VAL_END_DATE":"error: invalid date \"2000-01-01T00:00:00Z\"","CREATED_BY":427763345,"CREATED_AT":"error: invalid date \"2000-01-01T00:00:00Z\"","CHANGED_BY":438592829,"CHANGED_AT":"error: invalid date \"2000-01-01T00:00:00Z\""},
{"BP_ID":707131764,"BP_ROLE":"01","EMAIL_ADDRESS":"galldreadd@ask.com","PHONE_NUMBER":"545-885-4532","FAX_NUMBER":"601-663-6797","WEB_ADDRESS":"http://friendfeed.com/diam/in.js?erat=nonummy&eros=maecenas&viverra=tincidunt&eget=lacus&congue=at&eget=velit&semper=vivamus&rutrum=vel&nulla=nulla&nunc=eget&purus=eros&phasellus=elementum&in=pellentesque&felis=quisque&donec=porta&semper=volutpat&sapien=erat&a=quisque&libero=erat","COMPANY_NAME":"Mynte","LEGAL_FORM":"SE","CURRENCY_CODE":"CNY","CITY":"Taodian","POSTAL_CODE":null,"STREET":"88 Warner Road","BUILDING":"13","COUNTRY":"China","ADDRESS_TYPE":"02","ADDRESS_VAL_START_DATE":"error: invalid date \"2000-01-01T00:00:00Z\"","ADDRESS_VAL_END_DATE":"error: invalid date \"2000-01-01T00:00:00Z\"","CREATED_BY":491144505,"CREATED_AT":"error: invalid date \"2000-01-01T00:00:00Z\"","CHANGED_BY":467646963,"CHANGED_AT":"error: invalid date \"2000-01-01T00:00:00Z\""},
{"BP_ID":766026259,"BP_ROLE":"01","EMAIL_ADDRESS":"cinnmane@businesswire.com","PHONE_NUMBER":"689-320-5981","FAX_NUMBER":"626-320-9830","WEB_ADDRESS":"http://businesswire.com/nec/sem/duis/aliquam/convallis/nunc.jpg?quam=elementum&sapien=pellentesque&varius=quisque&ut=porta&blandit=volutpat&non=erat&interdum=quisque&in=erat&ante=eros&vestibulum=viverra&ante=eget&ipsum=congue&primis=eget&in=semper&faucibus=rutrum&orci=nulla&luctus=nunc&et=purus&ultrices=phasellus&posuere=in&cubilia=felis&curae=donec&duis=semper&faucibus=sapien&accumsan=a&odio=libero&curabitur=nam&convallis=dui&duis=proin&consequat=leo&dui=odio&nec=porttitor&nisi=id&volutpat=consequat&eleifend=in&donec=consequat&ut=ut&dolor=nulla&morbi=sed&vel=accumsan&lectus=felis&in=ut&quam=at&fringilla=dolor&rhoncus=quis&mauris=odio&enim=consequat&leo=varius","COMPANY_NAME":"Blognation","LEGAL_FORM":"SE","CURRENCY_CODE":"PHP","CITY":"Suso","POSTAL_CODE":"2725","STREET":"551 East Parkway","BUILDING":"057","COUNTRY":"Philippines","ADDRESS_TYPE":"02","ADDRESS_VAL_START_DATE":"error: invalid date \"2000-01-01T00:00:00Z\"","ADDRESS_VAL_END_DATE":"error: invalid date \"2000-01-01T00:00:00Z\"","CREATED_BY":402301375,"CREATED_AT":"error: invalid date \"2000-01-01T00:00:00Z\"","CHANGED_BY":474767786,"CHANGED_AT":"error: invalid date \"2000-01-01T00:00:00Z\""},
{"BP_ID":281750147,"BP_ROLE":"01","EMAIL_ADDRESS":"jphippenf@blogtalkradio.com","PHONE_NUMBER":"112-918-2934","FAX_NUMBER":"817-593-1498","WEB_ADDRESS":"http://godaddy.com/hendrerit/at/vulputate.jpg?aenean=vulputate&fermentum=ut&donec=ultrices&ut=vel&mauris=augue&eget=vestibulum&massa=ante&tempor=ipsum&convallis=primis&nulla=in&neque=faucibus&libero=orci&convallis=luctus&eget=et&eleifend=ultrices&luctus=posuere&ultricies=cubilia&eu=curae&nibh=donec&quisque=pharetra&id=magna&justo=vestibulum&sit=aliquet&amet=ultrices&sapien=erat&dignissim=tortor&vestibulum=sollicitudin&vestibulum=mi&ante=sit&ipsum=amet&primis=lobortis&in=sapien&faucibus=sapien&orci=non&luctus=mi&et=integer&ultrices=ac&posuere=neque&cubilia=duis&curae=bibendum&nulla=morbi&dapibus=non&dolor=quam&vel=nec&est=dui&donec=luctus&odio=rutrum&justo=nulla&sollicitudin=tellus&ut=in&suscipit=sagittis&a=dui&feugiat=vel&et=nisl&eros=duis&vestibulum=ac&ac=nibh&est=fusce&lacinia=lacus&nisi=purus&venenatis=aliquet&tristique=at&fusce=feugiat&congue=non&diam=pretium&id=quis&ornare=lectus&imperdiet=suspendisse&sapien=potenti&urna=in&pretium=eleifend&nisl=quam&ut=a&volutpat=odio&sapien=in&arcu=hac&sed=habitasse&augue=platea&aliquam=dictumst&erat=maecenas&volutpat=ut&in=massa&congue=quis&etiam=augue&justo=luctus&etiam=tincidunt&pretium=nulla&iaculis=mollis&justo=molestie&in=lorem&hac=quisque","COMPANY_NAME":"Zoovu","LEGAL_FORM":"SE","CURRENCY_CODE":"PHP","CITY":"Sabang","POSTAL_CODE":"4110","STREET":"45432 Lawn Street","BUILDING":"2","COUNTRY":"Philippines","ADDRESS_TYPE":"02","ADDRESS_VAL_START_DATE":"error: invalid date \"2000-01-01T00:00:00Z\"","ADDRESS_VAL_END_DATE":"error: invalid date \"2000-01-01T00:00:00Z\"","CREATED_BY":408612848,"CREATED_AT":"error: invalid date \"2000-01-01T00:00:00Z\"","CHANGED_BY":477271029,"CHANGED_AT":"error: invalid date \"2000-01-01T00:00:00Z\""},
{"BP_ID":423299972,"BP_ROLE":"01","EMAIL_ADDRESS":"rmacfadyeng@gov.uk","PHONE_NUMBER":"583-167-0253","FAX_NUMBER":"957-649-3311","WEB_ADDRESS":"https://csmonitor.com/donec/pharetra/magna/vestibulum/aliquet.json?sociis=convallis&natoque=eget&penatibus=eleifend&et=luctus&magnis=ultricies&dis=eu&parturient=nibh&montes=quisque&nascetur=id&ridiculus=justo&mus=sit&vivamus=amet&vestibulum=sapien&sagittis=dignissim&sapien=vestibulum&cum=vestibulum&sociis=ante&natoque=ipsum&penatibus=primis&et=in&magnis=faucibus&dis=orci&parturient=luctus&montes=et","COMPANY_NAME":"Edgeify","LEGAL_FORM":"SE","CURRENCY_CODE":"RUB","CITY":"Novosineglazovskiy","POSTAL_CODE":"456505","STREET":"4 Burning Wood Pass","BUILDING":"90","COUNTRY":"Russia","ADDRESS_TYPE":"02","ADDRESS_VAL_START_DATE":"error: invalid date \"2000-01-01T00:00:00Z\"","ADDRESS_VAL_END_DATE":"error: invalid date \"2000-01-01T00:00:00Z\"","CREATED_BY":452014109,"CREATED_AT":"error: invalid date \"2000-01-01T00:00:00Z\"","CHANGED_BY":423531524,"CHANGED_AT":"error: invalid date \"2000-01-01T00:00:00Z\""},
{"BP_ID":577276792,"BP_ROLE":"01","EMAIL_ADDRESS":"tmapesh@netlog.com","PHONE_NUMBER":"402-943-2591","FAX_NUMBER":"481-286-1223","WEB_ADDRESS":"http://weebly.com/purus/aliquet/at/feugiat/non/pretium/quis.json?mauris=quis&morbi=tortor&non=id&lectus=nulla&aliquam=ultrices&sit=aliquet&amet=maecenas&diam=leo&in=odio&magna=condimentum&bibendum=id&imperdiet=luctus&nullam=nec&orci=molestie&pede=sed&venenatis=justo&non=pellentesque&sodales=viverra&sed=pede&tincidunt=ac&eu=diam&felis=cras&fusce=pellentesque&posuere=volutpat&felis=dui","COMPANY_NAME":"Photobean","LEGAL_FORM":"SE","CURRENCY_CODE":"BRL","CITY":"Guarapuava","POSTAL_CODE":"85000-000","STREET":"7821 Derek Trail","BUILDING":"283","COUNTRY":"Brazil","ADDRESS_TYPE":"02","ADDRESS_VAL_START_DATE":"error: invalid date \"2000-01-01T00:00:00Z\"","ADDRESS_VAL_END_DATE":"error: invalid date \"2000-01-01T00:00:00Z\"","CREATED_BY":477110972,"CREATED_AT":"error: invalid date \"2000-01-01T00:00:00Z\"","CHANGED_BY":416963862,"CHANGED_AT":"error: invalid date \"2000-01-01T00:00:00Z\""},
{"BP_ID":551093287,"BP_ROLE":"01","EMAIL_ADDRESS":"djointi@jalbum.net","PHONE_NUMBER":"351-505-1988","FAX_NUMBER":"601-936-6531","WEB_ADDRESS":"https://cdc.gov/ut/at/dolor/quis/odio.html?integer=nullam&non=varius&velit=nulla&donec=facilisi&diam=cras&neque=non&vestibulum=velit&eget=nec&vulputate=nisi&ut=vulputate&ultrices=nonummy&vel=maecenas&augue=tincidunt&vestibulum=lacus&ante=at&ipsum=velit&primis=vivamus&in=vel&faucibus=nulla&orci=eget&luctus=eros&et=elementum&ultrices=pellentesque&posuere=quisque","COMPANY_NAME":"Topiclounge","LEGAL_FORM":"SE","CURRENCY_CODE":"CNY","CITY":"Tongzi","POSTAL_CODE":null,"STREET":"49 Briar Crest Avenue","BUILDING":"341","COUNTRY":"China","ADDRESS_TYPE":"02","ADDRESS_VAL_START_DATE":"error: invalid date \"2000-01-01T00:00:00Z\"","ADDRESS_VAL_END_DATE":"error: invalid date \"2000-01-01T00:00:00Z\"","CREATED_BY":448001117,"CREATED_AT":"error: invalid date \"2000-01-01T00:00:00Z\"","CHANGED_BY":411975787,"CHANGED_AT":"error: invalid date \"2000-01-01T00:00:00Z\""},
{"BP_ID":686380677,"BP_ROLE":"01","EMAIL_ADDRESS":"mcullingtonj@salon.com","PHONE_NUMBER":"824-140-5684","FAX_NUMBER":"726-144-3003","WEB_ADDRESS":"https://ted.com/rhoncus/aliquet/pulvinar/sed/nisl.html?libero=tincidunt&nullam=ante&sit=vel&amet=ipsum&turpis=praesent&elementum=blandit&ligula=lacinia&vehicula=erat&consequat=vestibulum&morbi=sed&a=magna&ipsum=at&integer=nunc&a=commodo&nibh=placerat&in=praesent&quis=blandit&justo=nam&maecenas=nulla&rhoncus=integer&aliquam=pede&lacus=justo&morbi=lacinia&quis=eget&tortor=tincidunt&id=eget&nulla=tempus&ultrices=vel&aliquet=pede&maecenas=morbi&leo=porttitor&odio=lorem&condimentum=id&id=ligula&luctus=suspendisse&nec=ornare&molestie=consequat&sed=lectus&justo=in&pellentesque=est&viverra=risus&pede=auctor&ac=sed&diam=tristique&cras=in&pellentesque=tempus&volutpat=sit&dui=amet&maecenas=sem&tristique=fusce&est=consequat&et=nulla&tempus=nisl&semper=nunc&est=nisl&quam=duis&pharetra=bibendum&magna=felis&ac=sed&consequat=interdum&metus=venenatis&sapien=turpis&ut=enim&nunc=blandit&vestibulum=mi&ante=in&ipsum=porttitor&primis=pede&in=justo&faucibus=eu&orci=massa&luctus=donec&et=dapibus&ultrices=duis&posuere=at&cubilia=velit&curae=eu&mauris=est&viverra=congue&diam=elementum","COMPANY_NAME":"Realpoint","LEGAL_FORM":"SE","CURRENCY_CODE":"BGN","CITY":"Perushtitsa","POSTAL_CODE":"4225","STREET":"469 Glacier Hill Center","BUILDING":"8039","COUNTRY":"Bulgaria","ADDRESS_TYPE":"02","ADDRESS_VAL_START_DATE":"error: invalid date \"2000-01-01T00:00:00Z\"","ADDRESS_VAL_END_DATE":"error: invalid date \"2000-01-01T00:00:00Z\"","CREATED_BY":416573731,"CREATED_AT":"error: invalid date \"2000-01-01T00:00:00Z\"","CHANGED_BY":433128785,"CHANGED_AT":"error: invalid date \"2000-01-01T00:00:00Z\""}
],
"bpStats":{
    "Counts":{
        "UniqueCompanies":"20",
        "UniqueCities":"30",
        "UniqueCountries":"10"
    }
}
}